Emails,cc
info@aua.ac.ke,info@ascent-institute.com
info@aiu.ac.ke,info@ascent-institute.com
marketing@anu.ac.ke,info@ascent-institute.com
sonam.tz@aku.edu,info@ascent-institute.com
vc@au.ac.ke,info@ascent-institute.com
enquiries@au.ac.ke,info@ascent-institute.com
enquiry@amref.ac.ke,info@ascent-institute.com
training@amref.ac.ke,info@ascent-institute.com
info@chuka.ac.ke,info@ascent-institute.com
admissions@daystar.ac.ke,info@ascent-institute.com
vc@dkut.ac.ke,info@ascent-institute.com
marketing@dkut.ac.ke,info@ascent-institute.com
vc@egerton.ac.ke,info@ascent-institute.com
info@gau.ac.ke,info@ascent-institute.com
admissions@gluk.ac.ke,info@ascent-institute.com
info@gretsauniversity.ac.ke,info@ascent-institute.com
info@kenya.ilu.edu,info@ascent-institute.com
info@iuk.ac.ke,info@ascent-institute.com
vc@jooust.ac.ke,info@ascent-institute.com
dvc@apd.jkuat.ac.ke,info@ascent-institute.com
vc@jkuat.ac.ke,info@ascent-institute.com
info@kabarak.ac.ke,info@ascent-institute.com
info@kafu.ac.ke,info@ascent-institute.com
info@karu.ac.ke,info@ascent-institute.com
vc@kcau.ac.ke,info@ascent-institute.com
info@kheu.ac.ke,info@ascent-institute.com
vc@kyu.ac.ke,info@ascent-institute.com
info@kemu.ac.ke,info@ascent-institute.com
vc@kibu.ac.ke,info@ascent-institute.com
enquiries@kibu.ac.ke,info@ascent-institute.com
info@zetech.ac.ke,info@ascent-institute.com
vc@uzimauniversity.ac.ke,info@ascent-institute.com
chunasacco@uonbi.ac.ke,info@ascent-institute.com
registrar@embuni.ac.ke,info@ascent-institute.com
otolo.margaret@embuni.ac.ke,info@ascent-institute.com
pr@uonbi.ac.ke,info@ascent-institute.com
info@uoeld.ac.ke,info@ascent-institute.com
info@ku.ac.ke,info@ascent-institute.com
legaloffice@ku.ac.ke,info@ascent-institute.com
info@maseno.ac.ke,info@ascent-institute.com
info@tum.ac.ke,info@ascent-institute.com
dvc@apd.jkuat.ac.ke,info@ascent-institute.com
info@mmust.ac.ke,info@ascent-institute.com
info@laikipia.ac.ke,info@ascent-institute.com
info@seku.ac.ke,info@ascent-institute.com
info@kabianga.ac.ke,info@ascent-institute.com
info@mmu.ac.ke,info@ascent-institute.com
info@must.ac.ke,info@ascent-institute.com
info@mksu.ac.ke,info@ascent-institute.com
info@kabianga.ac.ke,info@ascent-institute.com
info@mmarau.ac.ke,info@ascent-institute.com
regaa@rongovarsity.ac.ke,info@ascent-institute.com
info@tukenya.ac.ke,info@ascent-institute.com
vc@tukenya.ac.ke,info@ascent-institute.com
Info@embuni.ac.ke,info@ascent-institute.com
info@ouk.ac.ke,info@ascent-institute.com
info@mku.ac.ke,info@ascent-institute.com
info@ueab.ac.ke,info@ascent-institute.com
inquiries@tangaza.ac.ke,info@ascent-institute.com
info@riarauniversity.ac.ke,info@ascent-institute.com
info@aiu.ac.ke,info@ascent-institute.com
info@piu.ac.ke,info@ascent-institute.com
pauisti@jkuat.ac.ke,info@ascent-institute.com
info@kwust.ac.ke,info@ascent-institute.com
info@tmu.ac.ke,info@ascent-institute.com
info@tharaka.ac.ke,info@ascent-institute.com
info@scott.ac.ke,info@ascent-institute.com
procurement@chuka.ac.ke,info@ascent-institute.com
procurementdept@chuka.ac.ke,info@ascent-institute.com
proc@jooust.ac.ke,info@ascent-institute.com
supplychain@kcau.ac.ke,info@ascent-institute.com
info@kyu.ac.ke,info@ascent-institute.com
info@mut.ac.ke,info@ascent-institute.com
info@embuni.ac.ke,info@ascent-institute.com
info@defmis.org,info@ascent-institute.com
contactus@defencesacco.com,info@ascent-institute.com
inquiries@tangaza.ac.ke,info@ascent-institute.com
hr@aiu.ac.ke,info@ascent-institute.com
hr@anu.ac.ke,info@ascent-institute.com
hr@aku.edu,info@ascent-institute.com
hr@au.ac.ke,info@ascent-institute.com
hr@amref.ac.ke,info@ascent-institute.com
hr@chuka.ac.ke,info@ascent-institute.com
hr@daystar.ac.ke,info@ascent-institute.com
hr@dkut.ac.ke,info@ascent-institute.com
hr@egerton.ac.ke,info@ascent-institute.com
hr@gau.ac.ke,info@ascent-institute.com
hr@gluk.ac.ke,info@ascent-institute.com
hr@gretsauniversity.ac.ke,info@ascent-institute.com
hr@kenya.ilu.edu,info@ascent-institute.com
hr@iuk.ac.ke,info@ascent-institute.com
hr@jooust.ac.ke,info@ascent-institute.com
hr@jkuat.ac.ke,info@ascent-institute.com
hr@kabarak.ac.ke,info@ascent-institute.com
hr@kafu.ac.ke,info@ascent-institute.com
hr@karu.ac.ke,info@ascent-institute.com
hr@kcau.ac.ke,info@ascent-institute.com
hr@kheu.ac.ke,info@ascent-institute.com
hr@kyu.ac.ke,info@ascent-institute.com
hr@kemu.ac.ke,info@ascent-institute.com
hr@kibu.ac.ke,info@ascent-institute.com
hr@zetech.ac.ke,info@ascent-institute.com
hr@uzimauniversity.ac.ke,info@ascent-institute.com
hr@embuni.ac.ke,info@ascent-institute.com
hr@uonbi.ac.ke,info@ascent-institute.com
hr@uoeld.ac.ke,info@ascent-institute.com
icthelpdesk@kabarak.ac.ke,info@ascent-institute.com
ict@kafu.ac.ke,info@ascent-institute.com
